id,date,first_name,last_name,email
1,20/10/2025,Drew,Trodler,dtrodler0@ebay.co.uk
2,23/06/2024,Pen,Johansen,pjohansen1@vimeo.com
3,15/08/2025,Cathy,Dik,cdik2@myspace.com
4,11/07/2025,Wit,Cammish,wcammish3@oracle.com
5,15/07/2025,Pavia,Bullock,pbullock4@cyberchimps.com
6,17/06/2024,Meryl,Stubbes,mstubbes5@cpanel.net
7,07/09/2024,Hollis,Harrod,hharrod6@cocolog-nifty.com
8,14/06/2025,Norma,Stonham,nstonham7@hhs.gov
9,23/06/2025,Jody,Lisett,jlisett8@archive.org
10,22/06/2025,Nikaniki,Mattisssen,nmattisssen9@answers.com
11,06/02/2025,Homer,Seymer,hseymera@google.pl
12,11/10/2025,Aundrea,Puxley,apuxleyb@cnet.com
13,05/07/2024,Flinn,Bamlett,fbamlettc@linkedin.com
14,29/05/2025,Boonie,Spellessy,bspellessyd@java.com
15,25/07/2025,Cindee,Huitson,chuitsone@spiegel.de
16,02/05/2025,Jaimie,Maulin,jmaulinf@msn.com
17,24/10/2024,Sebastiano,Goacher,sgoacherg@zimbio.com
18,04/08/2025,Annecorinne,Cahan,acahanh@google.co.uk
19,15/09/2024,Milo,Mitchener,mmitcheneri@nhs.uk
20,06/09/2025,Kameko,Glowinski,kglowinskij@cnet.com
21,14/01/2025,Margeaux,Rosenzwig,mrosenzwigk@paginegialle.it
22,23/07/2024,Meredith,Rowley,mrowleyl@jugem.jp
23,05/06/2025,Bertha,Lanham,blanhamm@globo.com
24,08/08/2025,Wallace,Fontelles,wfontellesn@mayoclinic.com
25,20/06/2025,Imelda,Friel,ifrielo@google.nl
26,18/07/2024,Aurelie,Boatman,aboatmanp@sogou.com
27,12/09/2024,Dennis,Vivien,dvivienq@hexun.com
28,15/10/2025,Lazaro,Maleham,lmalehamr@washingtonpost.com
29,13/05/2025,Bambie,McCudden,bmccuddens@intel.com
30,02/08/2025,Truda,Sanpher,tsanphert@simplemachines.org
31,07/03/2025,Daven,Burniston,dburnistonu@springer.com
32,02/11/2024,Gian,Olivi,goliviv@nature.com
33,14/09/2025,Raimund,Poytress,rpoytressw@imdb.com
34,30/08/2024,Mufi,Mackelworth,mmackelworthx@technorati.com
35,10/11/2024,Britt,Andrichak,bandrichaky@ning.com
36,31/12/2024,Eudora,Morl,emorlz@so-net.ne.jp
37,09/10/2025,Jerad,Ball,jball10@cornell.edu
38,18/07/2025,Gearard,McLachlan,gmclachlan11@dedecms.com
39,01/09/2025,Nathanael,Goodrich,ngoodrich12@google.es
40,01/07/2024,Nicholle,Bedson,nbedson13@indiatimes.com
41,26/02/2025,Baird,Champness,bchampness14@opera.com
42,04/04/2025,Stacey,Gehrts,sgehrts15@hao123.com
43,21/03/2025,Harli,Lucks,hlucks16@shareasale.com
44,19/02/2025,Rex,Tidgewell,rtidgewell17@yahoo.com
45,04/01/2025,Perren,Dielhenn,pdielhenn18@mail.ru
46,15/12/2024,Edan,Dalliwater,edalliwater19@addtoany.com
47,17/07/2024,Damien,Oger,doger1a@mapy.cz
48,27/04/2025,Spike,Smallcombe,ssmallcombe1b@ucoz.ru
49,28/07/2024,Addy,Grocutt,agrocuttj@macromedia.com
50,05/09/2024,Faustina,Blazey,fblazeyk@ustream.tv
51,13/08/2025,Ralph,Quiney,rquineyl@yellowpages.com
52,01/08/2025,Elspeth,Golden,egoldenm@geocities.jp
53,29/03/2025,Aldous,Goldspink,agoldspinkn@blogtalkradio.com
54,12/08/2024,Lorenza,Shenton,lshentono@fema.gov
55,12/01/2025,Caroline,Keller,ckellerp@upenn.edu
56,15/05/2025,Corabelle,Iacomini,ciacominiq@multiply.com
57,13/10/2025,Nora,MacDermott,nmacdermottr@ocn.ne.jp
58,28/02/2025,Fidole,Lyard,flyards@creativecommons.org
59,09/06/2024,Mathilda,Aiton,maitont@so-net.ne.jp
60,14/10/2024,Freda,Garrard,fgarrardu@vk.com
61,23/05/2025,Gallard,Trevain,gtrevainv@comcast.net
62,05/10/2025,Dannye,Kervin,dkervinw@bandcamp.com
63,12/02/2025,Ebeneser,Leyband,eleybandx@soup.io
64,27/08/2024,Antoine,Tregea,atregeay@harvard.edu
65,04/06/2025,Olympie,Jahnke,ojahnkez@umn.edu
66,17/11/2024,Elizabet,Iannuzzi,eiannuzzi10@skype.com
67,21/09/2024,Eyde,Vella,evella11@mtv.com
68,30/05/2025,Shelby,Russo,srusso12@barnesandnoble.com
69,01/02/2025,Gardiner,Sitford,gsitford13@ustream.tv
70,14/09/2025,Ezechiel,Hallard,ehallard1x@devhub.com
71,13/07/2024,Caspar,Spelsbury,cspelsbury1y@opera.com
72,27/01/2025,Chancey,Cavendish,ccavendish1z@buzzfeed.com
73,07/05/2025,Malory,Barstow,mbarstow20@cocolog-nifty.com
74,31/12/2024,Hervey,Pluck,hpluck21@cpanel.net
75,24/07/2024,Margareta,Piggin,mpiggin22@nytimes.com
76,15/10/2024,Der,Markel,dmarkel23@ehow.com
77,24/06/2024,Ellynn,Haysom,ehaysom24@cargocollective.com
78,25/09/2024,Lolly,Cumberbatch,lcumberbatch25@ucla.edu
79,25/06/2024,Farica,Paslow,fpaslow26@statcounter.com
80,28/03/2025,Cristin,Wiskar,cwiskar27@nifty.com
81,26/01/2025,Renault,Tomkiss,rtomkiss28@icio.us
82,12/09/2024,Miranda,Menat,mmenat29@prlog.org
83,08/04/2025,Adria,Cashman,acashman2a@xrea.com
84,23/01/2025,Blanch,Rose,brose2b@dion.ne.jp
85,16/03/2025,Aleda,Grigson,agrigson2c@mozilla.com
86,01/07/2024,Homere,Japp,hjapp2d@addthis.com
87,04/09/2025,Arthur,De Domenici,adedomenici2e@example.com
88,19/06/2024,Zenia,Eborn,zeborn2f@w3.org
89,01/01/2025,Lissy,Lunk,llunk2g@smugmug.com
90,24/05/2025,Keelby,Shapira,kshapira2h@gnu.org
91,30/10/2025,Laryssa,Kiggel,lkiggel2i@archive.org
92,12/07/2025,Miguelita,Jankowski,mjankowski2j@craigslist.org
93,03/01/2025,Pavla,Matushevitz,pmatushevitz2k@archive.org
94,08/09/2025,Enrika,Micklewicz,emicklewicz2l@oakley.com
95,03/08/2025,Frederick,Haddacks,fhaddacks2m@feedburner.com
96,31/01/2025,Erny,Ferrucci,eferrucci2n@photobucket.com
97,16/12/2024,Blithe,Barbosa,bbarbosa2o@scientificamerican.com
98,23/10/2024,Ronda,Di Biagio,rdibiagio2p@hp.com
99,20/07/2024,Simeon,Guilleton,sguilleton2q@mashable.com
100,29/07/2025,Maynard,Pithcock,mpithcock2r@huffingtonpost.com
