2024-09-04T23:09:18Z,Merlina,Sidey,msidey0@blog.com
2024-12-18T10:32:39Z,Cloris,Willock,cwillock1@chron.com
2024-07-17T00:54:46Z,Zebedee,Seifenmacher,zseifenmacher2@bloglovin.com
2025-02-11T11:59:54Z,Scot,Allewell,sallewell3@mlb.com
2024-06-19T12:03:59Z,Ebeneser,Joynt,ejoynt4@sciencedirect.com
2025-05-10T23:03:31Z,Glad,Moniker,gmoniker5@bandcamp.com
2025-09-23T21:39:15Z,Kameko,Brede,kbrede6@samsung.com
2025-02-08T12:32:24Z,Sigrid,Andreolli,sandreolli7@multiply.com
2024-08-10T07:50:14Z,Joanne,Janak,jjanak8@zimbio.com
2025-01-08T18:33:43Z,Darrelle,Elton,delton9@craigslist.org
2025-03-02T10:42:49Z,Norry,Wesker,nweskera@yolasite.com
2025-09-01T03:39:08Z,Georgina,Sterling,gsterlingb@friendfeed.com
2024-10-22T22:18:01Z,Farrand,Karby,fkarbyc@buzzfeed.com
2024-11-19T00:16:39Z,Donny,Finlater,dfinlaterd@java.com
2025-05-09T03:38:37Z,Shawn,Woodyer,swoodyere@indiegogo.com
2025-06-04T04:00:35Z,Fairlie,Mewhirter,fmewhirterf@berkeley.edu
2024-07-02T15:11:26Z,Betsy,Gillow,bgillowg@cornell.edu
2024-06-13T17:38:12Z,Aldous,Sprowson,asprowsonh@artisteer.com
2025-05-09T05:33:22Z,Shea,Gunter,sgunteri@infoseek.co.jp
2025-03-04T09:08:41Z,Addy,Grocutt,agrocuttj@macromedia.com
2024-08-13T06:52:51Z,Faustina,Blazey,fblazeyk@ustream.tv
2025-05-08T18:37:31Z,Ralph,Quiney,rquineyl@yellowpages.com
2025-08-09T19:18:02Z,Elspeth,Golden,egoldenm@geocities.jp
2024-10-27T10:54:02Z,Aldous,Goldspink,agoldspinkn@blogtalkradio.com
2024-08-25T00:27:49Z,Lorenza,Shenton,lshentono@fema.gov
2025-01-02T22:17:29Z,Caroline,Keller,ckellerp@upenn.edu
2025-05-27T00:58:07Z,Corabelle,Iacomini,ciacominiq@multiply.com
2025-06-04T09:19:16Z,Nora,MacDermott,nmacdermottr@ocn.ne.jp
2025-09-03T11:35:39Z,Fidole,Lyard,flyards@creativecommons.org
2025-09-20T17:42:46Z,Mathilda,Aiton,maitont@so-net.ne.jp
2025-06-19T01:16:06Z,Freda,Garrard,fgarrardu@vk.com
2024-10-07T09:02:07Z,Gallard,Trevain,gtrevainv@comcast.net
2025-04-29T01:51:12Z,Dannye,Kervin,dkervinw@bandcamp.com
2024-09-16T00:11:03Z,Ebeneser,Leyband,eleybandx@soup.io
2024-10-28T08:08:11Z,Antoine,Tregea,atregeay@harvard.edu
2025-07-29T13:16:45Z,Olympie,Jahnke,ojahnkez@umn.edu
2025-10-10T17:28:14Z,Elizabet,Iannuzzi,eiannuzzi10@skype.com
2025-06-08T06:38:58Z,Eyde,Vella,evella11@mtv.com
2025-02-10T18:04:46Z,Shelby,Russo,srusso12@barnesandnoble.com
2024-06-29T19:42:53Z,Gardiner,Sitford,gsitford13@ustream.tv
2024-11-28T03:53:39Z,Otho,Gorham,ogorham14@php.net
2024-07-04T20:24:12Z,Eydie,Evemy,eevemy15@trellian.com
2025-04-11T07:57:40Z,Vernice,Birwhistle,vbirwhistle16@canalblog.com
2024-12-04T05:35:12Z,Bette-ann,Jilliss,bjilliss17@bizjournals.com
2024-07-31T18:19:25Z,Israel,Lopez,ilopez18@dropbox.com
2025-03-15T20:58:21Z,Ginger,Gennrich,ggennrich19@earthlink.net
2025-03-30T17:50:57Z,Kyle,Connell,kconnell1a@symantec.com
2024-10-30T12:52:30Z,Ruddy,Litherland,rlitherland1b@amazon.com
2025-01-17T06:31:44Z,Shelli,Kingzet,skingzet1c@un.org
2024-12-09T09:16:15Z,Murdoch,Helks,mhelks1d@google.com.br
2025-10-23T18:18:06Z,Marillin,Fifoot,mfifoot1e@e-recht24.de
2025-08-29T05:08:54Z,Tommy,Foystone,tfoystone1f@issuu.com
2024-07-12T21:30:51Z,Cathee,Bolletti,cbolletti1g@simplemachines.org
2025-08-11T06:28:04Z,Christoffer,Milligan,cmilligan1h@mlb.com
2025-08-16T17:31:44Z,Foster,Flescher,fflescher1i@nyu.edu
2025-08-08T16:15:28Z,Dukie,Listone,dlistone1j@apple.com
2024-07-25T02:31:49Z,Dorrie,Agate,dagate1k@quantcast.com
2024-10-14T07:13:53Z,Sterne,Brydson,sbrydson1l@telegraph.co.uk
2025-06-14T23:38:02Z,Eddie,Savery,esavery1m@adobe.com
2024-11-09T09:17:01Z,Edee,Spurden,espurden1n@phoca.cz
2024-12-24T08:28:02Z,Cathlene,Thacker,cthacker1o@zimbio.com
2024-10-10T04:15:44Z,Ravi,Stutt,rstutt1p@blogger.com
2025-05-17T02:36:01Z,Derry,Gellately,dgellately1q@ucla.edu
2025-04-01T13:09:53Z,Meredeth,Gravell,mgravell1r@e-recht24.de
2025-01-04T13:16:57Z,Ulrika,Felmingham,ufelmingham1s@people.com.cn
2024-11-17T09:36:13Z,Mariana,Boost,mboost1t@state.gov
2025-06-05T17:27:16Z,Brandais,Basant,bbasant1u@cargocollective.com
2024-11-03T17:42:59Z,Tiffie,Morgue,tmorgue1v@nyu.edu
2025-06-26T18:22:03Z,Kirk,Leah,kleah1w@storify.com
2025-08-18T06:50:22Z,Godwin,Ranking,granking1x@go.com
2024-07-07T07:48:03Z,Portia,Dancy,pdancy1y@hp.com
2024-11-22T16:49:39Z,Sayre,Pickerell,spickerell1z@livejournal.com
2024-08-09T12:48:38Z,Emmaline,Youd,eyoud20@google.com.au
2025-10-20T15:34:50Z,Perrine,McGonagle,pmcgonagle21@house.gov
2025-01-31T06:49:14Z,Constancy,Penwright,cpenwright22@globo.com
2025-07-01T22:33:03Z,Hilarius,Cordeau],hcordeau23@mit.edu
2025-01-17T17:33:58Z,Rafi,Hellwing,rhellwing24@hugedomains.com
2024-12-02T15:52:06Z,Shell,McAndrew,smcandrew25@goo.ne.jp
2025-08-21T21:25:37Z,Cullie,Terrazzo,cterrazzo26@guardian.co.uk
2025-05-06T13:38:43Z,Lainey,Blackly,lblackly27@whitehouse.gov
2025-07-08T03:57:22Z,Cynthie,Hambridge,chambridge28@phoca.cz
2025-09-21T05:28:14Z,Vonny,Tookey,vtookey29@cnbc.com
2024-11-20T03:25:17Z,Judith,Dax,jdax2a@i2i.jp
2024-07-01T08:55:30Z,Wallis,Lagneaux,wlagneaux2b@deliciousdays.com
2024-06-19T15:33:36Z,Zara,Haycroft,zhaycroft2c@cbsnews.com
2025-10-05T05:14:39Z,Maryanna,McQuarter,mmcquarter2d@admin.ch
2024-11-26T09:37:22Z,Pooh,Filde,pfilde2e@google.com
2025-09-16T09:21:45Z,Monica,Moylane,mmoylane2f@craigslist.org
2024-06-30T23:29:19Z,Prue,Trase,ptrase2g@bandcamp.com
2025-09-08T05:07:05Z,Brana,Antonescu,bantonescu2h@senate.gov
2025-05-04T04:22:42Z,Dun,Menguy,dmenguy2i@illinois.edu
2025-09-14T23:57:34Z,Freemon,O'Duane,foduane2j@artisteer.com
2024-12-12T03:49:39Z,Noemi,Joynson,njoynson2k@msn.com
2025-03-18T14:02:11Z,Thorny,Petcher,tpetcher2l@godaddy.com
2025-01-08T01:21:26Z,Frants,Kirsopp,fkirsopp2m@youku.com
2024-07-20T02:59:57Z,Marcelo,Syddon,msyddon2n@livejournal.com
2025-09-26T16:25:06Z,Brooks,Dorey,bdorey2o@sphinn.com
2025-07-26T22:27:16Z,Bernie,Klimsch,bklimsch2p@businessinsider.com
2025-09-04T06:47:08Z,Gilligan,Oliva,goliva2q@photobucket.com
2024-06-12T12:18:31Z,Faythe,Gommes,fgommes2r@shinystat.com
